INSERT INTO playing_field (id) VALUES ('00000000-0000-0000-0000-000000000001');

-- Insert into TileSet
INSERT INTO tile_set (id, start_coordinate, end_coordinate) VALUES
                                                                ('00000000-0000-0000-0000-000000000002', 0, 10),
                                                                ('00000000-0000-0000-0000-000000000003', 11, 20);

-- Insert into Tile
INSERT INTO tile (id, number_value, tile_color) VALUES
                                                    ('00000000-0000-0000-0000-000000000004', 1, 'BLUE'),
                                                    ('00000000-0000-0000-0000-000000000005', 2, 'RED'),
                                                    ('00000000-0000-0000-0000-000000000006', 3, 'BLACK'),
                                                    ('00000000-0000-0000-0000-000000000007', 4, 'ORANGE');

-- Link Tiles to TileSet
INSERT INTO tile_set_tiles (tile_set_id, tiles_id) VALUES
                                                       ('00000000-0000-0000-0000-000000000002', '00000000-0000-0000-0000-000000000004'),
                                                       ('00000000-0000-0000-0000-000000000002', '00000000-0000-0000-0000-000000000005'),
                                                       ('00000000-0000-0000-0000-000000000003', '00000000-0000-0000-0000-000000000006'),
                                                       ('00000000-0000-0000-0000-000000000003', '00000000-0000-0000-0000-000000000007');

-- Link TileSets to PlayingField
INSERT INTO playing_field_tile_sets (playing_field_id, tile_sets_id) VALUES
                                                                         ('00000000-0000-0000-0000-000000000001', '00000000-0000-0000-0000-000000000002'),
                                                                         ('00000000-0000-0000-0000-000000000001', '00000000-0000-0000-0000-000000000003');
-- Insert into GameUser
INSERT INTO game_user (id, username, avatar) VALUES
                                                 ('00000000-0000-0000-0000-000000000008', 'Player1', 'avatar1.png'),
                                                 ('00000000-0000-0000-0000-000000000009', 'Player2', 'avatar2.png');

-- Insert into Deck
INSERT INTO deck (id) VALUES
                                     ('00000000-0000-0000-0000-000000000012'),
                                     ('00000000-0000-0000-0000-000000000013');

INSERT INTO tile_pool (id) VALUES ('00000000-0000-0000-0000-000000000010');

-- Link Tiles to TilePool
INSERT INTO tile_pool_tiles (tile_pool_id, tiles_id) VALUES
                                                         ('00000000-0000-0000-0000-000000000010', '00000000-0000-0000-0000-000000000004'),
                                                         ('00000000-0000-0000-0000-000000000010', '00000000-0000-0000-0000-000000000005'),
                                                         ('00000000-0000-0000-0000-000000000010', '00000000-0000-0000-0000-000000000006'),
                                                         ('00000000-0000-0000-0000-000000000010', '00000000-0000-0000-0000-000000000007');

-- Link Tiles to Deck
INSERT INTO deck_tiles (deck_id, tiles_id) VALUES
                                               ('00000000-0000-0000-0000-000000000012', '00000000-0000-0000-0000-000000000004'),
                                               ('00000000-0000-0000-0000-000000000012', '00000000-0000-0000-0000-000000000005'),
                                               ('00000000-0000-0000-0000-000000000013', '00000000-0000-0000-0000-000000000006'),
                                               ('00000000-0000-0000-0000-000000000013', '00000000-0000-0000-0000-000000000007');


INSERT INTO game (id, round_time, player_amount, start_tile_amount, join_code, date_time, playing_field_id, tile_pool_id) VALUES
    ('00000000-0000-0000-0000-000000000011', 60, 2, 14, 'JOIN123', now(), '00000000-0000-0000-0000-000000000001', '00000000-0000-0000-0000-000000000010');

-- Insert into Player
INSERT INTO player (id, game_user_id, deck_id, game_id) VALUES
                                                            ('00000000-0000-0000-0000-000000000014', '00000000-0000-0000-0000-000000000008', '00000000-0000-0000-0000-000000000012', '00000000-0000-0000-0000-000000000011'),
                                                            ('00000000-0000-0000-0000-000000000015', '00000000-0000-0000-0000-000000000009', '00000000-0000-0000-0000-000000000013', '00000000-0000-0000-0000-000000000011');
